abhinavg = Abhinav Gupta <abhinavg@svn.icu-project.org>
agousev = Alexey Gousev <agousev@svn.icu-project.org>
aheninger = Andy Heninger <aheninger@svn.icu-project.org>
aheninger-oss = Andy Heninger <aheninger@svn.icu-project.org>
ajmacher = Andrew J Macheret <ajmacher@svn.icu-project.org>
alan = Alan Liu <liu@svn.icu-project.org>
Alan = Alan Liu <liu@svn.icu-project.org>
alan4j = Alan Liu <liu@svn.icu-project.org>
angshuman = Angshuman Deb <angshuman@svn.icu-project.org>
Angshuman Deb = Angshuman Deb <angshuman@svn.icu-project.org>
bbuck-oss = Bob Buck <bbuck-oss@svn.icu-project.org>
bdrower = Brian Rower <bdrower@svn.icu-project.org>
bing.long = Bing Long <bing.long@svn.icu-project.org>
bpmurray = Brendan Murray <bpmurray@svn.icu-project.org>
ccornelius = Craig Cornelius <ccornelius@svn.icu-project.org>
claireho = Claire Ho <claireho@svn.icu-project.org>
cvs = Nobody <cvs@svn.icu-project.org>
dbertoni = David Bertoni <dbertoni@svn.icu-project.org>
dbesevic = Dragan Besevic <dbesevic@svn.icu-project.org>
doug = Doug Felt <dougfelt@svn.icu-project.org>
dougfelt = Doug Felt <dougfelt@svn.icu-project.org>
dougfelt-oss = Doug Felt <dougfelt@svn.icu-project.org>
dsayed = Dina Sayed <dsayed@svn.icu-project.org>
dsengup = Debabrata Sengupta <dsengup@svn.icu-project.org>
eldawy = Mohamed Eldawy <eldawy@google.com>
emader = Eric Mader <emader@svn.icu-project.org>
emader-oss = Eric Mader <emader@svn.icu-project.org>
emmons = John Emmons <emmons@svn.icu-project.org>
gclsh1 = GCL Shanghai <gclsh1@svn.icu-project.org>
gclsh1-oss = GCL Shanghai <gclsh1@svn.icu-project.org>
goldsmit = Deborah Goldsmith <goldsmit@svn.icu-project.org>
goldsmith-oss = Deborah Goldsmith <goldsmit@svn.icu-project.org>
grhoten = George Rhoten <grhoten@svn.icu-project.org>
grhoten-oss = George Rhoten <grhoten@svn.icu-project.org>
heninger = Andy Heninger <aheninger@svn.icu-project.org>
hshih = Helena Chapman <hshih@svn.icu-project.org>
icuhtml = Nobody <cvs@svn.icu-project.org>
jali01 = Jonathan Lai <jali01@svn.icu-project.org>
jchye = Jennifer Chye <jchye@svn.icu-project.org>
jieyang = Jie J. Yang <jieyang@svn.icu-project.org>
jinglun = Jinglun Li <jinglun@svn.icu-project.org>
johnf = John Fitzpatrick <johnf@svn.icu-project.org>
johnvu = John Vu <johnvu@svn.icu-project.org>
jsnydergrant = Jim Snyder Grant <jsnydergrant@svn.icu-project.org>
jspieth = Jason Spieth <jspieth@svn.icu-project.org>
jungshik = Jungshik Shin <jungshik@svn.icu-project.org>
Kedar Rajwade = Kedar Rajwade <krajwade@svn.icu-project.org>
kirtig = Kirti Velankar <kirtig@svn.icu-project.org>
krajwade = Kedar Rajwade <krajwade@svn.icu-project.org>
ldhonomi = Lloyd Honomichl <ldhonomi@svn.icu-project.org>
liu = Alan Liu <liu@svn.icu-project.org>
lwerner = Laura Werner <lwerner@svn.icu-project.org>
macchiat = Mark Davis <mdavis@svn.icu-project.org>
macchiato-oss = Mark Davis <mdavis@svn.icu-project.org>
madhu = Madhu K <madhu@svn.icu-project.org>
maf = Michael Fairley <maf@svn.icu-project.org>
markdavis = Mark Davis <mdavis@svn.icu-project.org>
mati = Matiahu Allouche <mati@svn.icu-project.org>
mati-oss = Matiahu Allouche <mati@svn.icu-project.org>
mdavis = Mark Davis <mdavis@svn.icu-project.org>
Michael Ow = Michael Ow <mow@svn.icu-project.org>
MIchael Ow = Michael Ow <mow@svn.icu-project.org>
mike42 = Michael Peterson <mike42@svn.icu-project.org>
mishonok = Michael Grady <mishonok@svn.icu-project.org>
Mohan = mohan-oss <mohan-oss@svn.icu-project.org>
mohan-oss = mohan-oss <mohan-oss@svn.icu-project.org>
mow = Michael Ow <mow@svn.icu-project.org>
mserrano = Maxime Serrano <mserrano@svn.icu-project.org>
(no author) = Nobody <cvs@svn.icu-project.org>
norbert = norbert <norbert@svn.icu-project.org>
pbenjamin-oss = pbenjamin-oss <pbenjamin-oss@svn.icu-project.org>
pedberg = Peter Edberg <pedberg@svn.icu-project.org>
ram = Ram Viswanadha <rviswanadha@svn.icu-project.org>
Ram = Ram Viswanadha <rviswanadha@svn.icu-project.org>
ramj = Ram Viswanadha <rviswanadha@svn.icu-project.org>
ramv = Ram Viswanadha <rviswanadha@svn.icu-project.org>
ramys = Ramy Said <ramys@svn.icu-project.org>
rgillam = Richard Gillam <rgillam@svn.icu-project.org>
root = Nobody <cvs@svn.icu-project.org>
roozbeh = Roozbeh Pournader <roozbeh@svn.icu-project.org>
roubert = Fredrik Roubert <roubert@google.com>
rviswanadha = Ram Viswanadha <rviswanadha@svn.icu-project.org>
sbooth = Stephen Booth <sbooth@svn.icu-project.org>
schererm = Markus Scherer <markus.icu@gmail.com>
scott_russell = Scott Russell <scott_russell@svn.icu-project.org>
sgill = Stuart Gill <sgill@svn.icu-project.org>
shaopengjia = Shaopeng Jia <jia.shao.peng@gmail.com>
srl = Steven R. Loomis <srl@icu-project.org>
swquek = Syn Wee Quek <swquek@svn.icu-project.org>
swquek-oss = Syn Wee Quek <swquek@svn.icu-project.org>
tkeep = Travis Keep <rocketman@google.com>
tomzhang = Tom Zhang <tomzhang@svn.icu-project.org>
umesh = Umesh Nair <umesh@svn.icu-project.org>
waleed = Waleed Oransa <waleed@svn.icu-project.org>
weiv = Vladimir Weinstein <weiv@svn.icu-project.org>
weiv-oss = Vladimir Weinstein <weiv@svn.icu-project.org>
wmason = Will Mason <wmason@svn.icu-project.org>
wyick = Winnie Yick <wyick@svn.icu-project.org>
xji = Xiaomei Ji <xji@svn.icu-project.org>
yoshito = Yoshito Umaoka <yoshito@svn.icu-project.org>
yves = Yves Arrouye <yves@svn.icu-project.org>
yves-oss = Yves Arrouye <yves@svn.icu-project.org>
zhou = YuQian Zhou <zhou@svn.icu-project.org>
kazede =  <kazede@svn.icu-project.org>

